u_email,p_projectID
kodeman@me.com,2409730
library@yahoo.ca,2412210
cderoove@yahoo.ca,2416323
jpflip@yahoo.ca,2415980
floxy@aol.com,2411758
tbmaddux@comcast.net,2415498
nasor@yahoo.com,2415522
rkobes@me.com,2413716
portele@verizon.net,2416290
mrdvt@outlook.com,2414221
mahbub@yahoo.com,2411691
kodeman@me.com,2408632
fraterk@yahoo.ca,2411787
lbaxter@msn.com,2409597
iamcal@live.com,2408597
fraterk@yahoo.ca,2411357
isaacson@msn.com,2406950
library@yahoo.ca,2406115
ewaters@att.net,2408644
raides@me.com,2408641
jpflip@yahoo.ca,2409394
tbeck@yahoo.ca,2408586
hllam@yahoo.ca,2404176
tbeck@yahoo.ca,2408640
munson@aol.com,2408493
tbeck@yahoo.ca,2406602
osrin@msn.com,2406573
fangorn@att.net,2406971
portele@verizon.net,2406094
stecoop@yahoo.com,2404580
bolow@aol.com,2387578
portele@verizon.net,2395216
portele@verizon.net,2391053
mrdvt@outlook.com,2403379
stecoop@yahoo.com,2401779
zwood@optonline.net,2403257
mrdvt@outlook.com,2402334
iamcal@live.com,2388914
isotopian@yahoo.com,2401265
fraterk@yahoo.ca,2368016
cderoove@yahoo.ca,2403388
jpflip@yahoo.ca,2395061
tbeck@yahoo.ca,2401200
frostman@live.com,2371633
dinther@mac.com,2358236
raides@me.com,2399187
josem@aol.com,2399262
msherr@hotmail.com,2394086
iamcal@live.com,2394708
lstein@sbcglobal.net,2397193
osrin@msn.com,2399675
mrdvt@outlook.com,2396374
bolow@aol.com,2398807
dalamb@att.net,2397170
parasite@hotmail.com,2383910
mrdvt@outlook.com,2372181
conteb@att.net,2397562
parasite@hotmail.com,2353243
jnolan@outlook.com,2397173
iamcal@live.com,2386212
rtanter@comcast.net,2394209
mahbub@yahoo.com,2393782
sherzodr@outlook.com,2394175
rtanter@comcast.net,2364288
conteb@att.net,2389830
tbmaddux@comcast.net,2393715
cderoove@yahoo.ca,2392904
library@yahoo.ca,2374152
chlim@icloud.com,2395218
osrin@msn.com,2394763
stecoop@yahoo.com,2390226
shawnce@yahoo.com,2394106
sherzodr@outlook.com,2394109
bolow@aol.com,2392244
jhardin@verizon.net,2376833
fangorn@att.net,2368007
sherzodr@outlook.com,2390849
dprice@msn.com,2391476
fraterk@yahoo.ca,2392457
tbmaddux@comcast.net,2391471
munson@aol.com,2378018
penna@sbcglobal.net,2392513
josem@aol.com,2389527
ewaters@att.net,2387476
nasor@yahoo.com,2381467
penna@sbcglobal.net,2374711
chlim@icloud.com,2386656
nasor@yahoo.com,2358101
fraterk@yahoo.ca,2369791
nasor@yahoo.com,2389545
library@yahoo.ca,2387890
penna@sbcglobal.net,2384041
isotopian@yahoo.com,2389055
shawnce@yahoo.com,2387720
sbmrjbr@gmail.com,2356143
lbaxter@msn.com,2387544
library@yahoo.ca,2387640
fraterk@yahoo.ca,2378106
vmalik@me.com,2384892
zwood@optonline.net,2384035
jnolan@outlook.com,2385318
mrdvt@outlook.com,2386700
inico@att.net,2382403
mrdvt@outlook.com,2385805
shawnce@yahoo.com,2320723
shawnce@yahoo.com,2322294
chlim@icloud.com,2381500
fangorn@att.net,2380464
fangorn@att.net,2377451
dprice@msn.com,2351458
josem@aol.com,2375308
mrdvt@outlook.com,2382253
chlim@icloud.com,2380327
jpflip@yahoo.ca,2380616
penna@sbcglobal.net,2382074
lstein@sbcglobal.net,2370538
rtanter@comcast.net,2360309
cderoove@yahoo.ca,2382038
storerm@comcast.net,2355179
floxy@aol.com,2356410
jhardin@verizon.net,2379853
josem@aol.com,2377465
nasor@yahoo.com,2375791
fraterk@yahoo.ca,2358226
vmalik@me.com,2363545
crusader@yahoo.ca,2371816
privcan@outlook.com,2323946
cderoove@yahoo.ca,2357860
lstein@sbcglobal.net,2358166
hllam@yahoo.ca,2362695
chlim@icloud.com,2372522
jhardin@verizon.net,2363961
rkobes@me.com,2374999
parasite@hotmail.com,2370422
dprice@msn.com,2374078
rtanter@comcast.net,2374939
zwood@optonline.net,2371279
mrdvt@outlook.com,2370494
jpflip@yahoo.ca,2373246
dalamb@att.net,2362232
fraterk@yahoo.ca,2373236
sherzodr@outlook.com,2365563
jpflip@yahoo.ca,2357807
jhardin@verizon.net,2347743
rkobes@me.com,2369565
tbmaddux@comcast.net,2358558
hllam@yahoo.ca,2367107
josem@aol.com,2370077
dalamb@att.net,2367067
josem@aol.com,2370551
shawnce@yahoo.com,2368018
crusader@yahoo.ca,2368013
inico@att.net,2361184
parasite@hotmail.com,2368865
iamcal@live.com,2350220
jhardin@verizon.net,2355738
dprice@msn.com,2364768
crusader@yahoo.ca,2365150
frostman@live.com,2364706
floxy@aol.com,2367052
portele@verizon.net,2355841
msherr@hotmail.com,2358496
isaacson@msn.com,2365139
lbaxter@msn.com,2365028
crusader@yahoo.ca,2320490
frostman@live.com,2366367
privcan@outlook.com,2355975
sbmrjbr@gmail.com,2362621
isotopian@yahoo.com,2364500
iamcal@live.com,2363735
nasor@yahoo.com,2363979
lbaxter@msn.com,2361081
iamcal@live.com,2350138
lbaxter@msn.com,2363701
telbij@msn.com,2362681
shawnce@yahoo.com,2361061
conteb@att.net,2360713
tbmaddux@comcast.net,2362162
tbmaddux@comcast.net,2354488
msherr@hotmail.com,2343413
tbeck@yahoo.ca,2337339
msherr@hotmail.com,2356238
fangorn@att.net,2351745
sbmrjbr@gmail.com,2357717
mrdvt@outlook.com,2354447
crusader@yahoo.ca,2356353
cderoove@yahoo.ca,2343692
josem@aol.com,2353218
shawnce@yahoo.com,2300487
munson@aol.com,2354613
rkobes@me.com,2355375
mahbub@yahoo.com,2337272
msherr@hotmail.com,2355430
zwood@optonline.net,2352725
floxy@aol.com,2349966
jpflip@yahoo.ca,2306452
isaacson@msn.com,2351287
bolow@aol.com,2349712
jpflip@yahoo.ca,2349099
inico@att.net,2349605
mrdvt@outlook.com,2342926
portele@verizon.net,2346739
jnolan@outlook.com,2340087
floxy@aol.com,2342679
library@yahoo.ca,2328899
dprice@msn.com,2346746
iamcal@live.com,2345248
hllam@yahoo.ca,2328822
jnolan@outlook.com,2299200
tbmaddux@comcast.net,2317748
dinther@mac.com,2334365
sherzodr@outlook.com,2246533
inico@att.net,2332464
cderoove@yahoo.ca,2301861
cderoove@yahoo.ca,2343790
tbmaddux@comcast.net,2343277
mrdvt@outlook.com,2289276
bolow@aol.com,2309410
privcan@outlook.com,2340785
parasite@hotmail.com,2332995
fangorn@att.net,2339328
crusader@yahoo.ca,2339329
lstein@sbcglobal.net,2337311
conteb@att.net,2151483
raides@me.com,2335373
bolow@aol.com,2319386
dalamb@att.net,2336242
shawnce@yahoo.com,2333164
jpflip@yahoo.ca,2326536
munson@aol.com,2336105
isaacson@msn.com,2335690
storerm@comcast.net,2327255
tbmaddux@comcast.net,2334858
kodeman@me.com,2334067
shawnce@yahoo.com,2331312
zwood@optonline.net,2302893
sbmrjbr@gmail.com,2323249
graham@sbcglobal.net,2321929
rkobes@me.com,2317350
storerm@comcast.net,2264625
stecoop@yahoo.com,2319539
sbmrjbr@gmail.com,2320499
penna@sbcglobal.net,2181714
rkobes@me.com,2285091
jnolan@outlook.com,2322271
dalamb@att.net,2292945
privcan@outlook.com,2310298
josem@aol.com,2317728
vmalik@me.com,2295429
crusader@yahoo.ca,2318943