u_email,p_projectID,,,,
rkobes@me.com,2372181,,,,
floxy@aol.com,1874873,,,,
kodeman@me.com,1786666,,,,
lstein@sbcglobal.net,2079720,,,,
dinther@mac.com,1049016,,,,
vmalik@me.com,1828978,,,,
tbeck@yahoo.ca,2176435,,,,
rkobes@me.com,1568639,,,,
floxy@aol.com,1751080,,,,
vmalik@me.com,1790345,,,,
lstein@sbcglobal.net,2031062,,,,
kodeman@me.com,972019,,,,
rkobes@me.com,1851486,,,,
privcan@outlook.com,1697257,,,,
dinther@mac.com,1143140,,,,
lstein@sbcglobal.net,569574,,,,
josem@aol.com,1643399,,,,
jhardin@verizon.net,2355841,,,,
zwood@optonline.net,1356689,,,,
ewaters@att.net,1356689,,,,
hllam@yahoo.ca,2006026,,,,
mahbub@yahoo.com,1892364,,,,
sbmrjbr@gmail.com,1842503,,,,
chlim@icloud.com,1578701,,,,
mrdvt@outlook.com,731457,,,,
floxy@aol.com,1784641,,,,
kodeman@me.com,921007,,,,
dalamb@att.net,1893939,,,,
penna@sbcglobal.net,2204792,,,,
dinther@mac.com,1531028,,,,
osrin@msn.com,1955307,,,,
rtanter@comcast.net,2229521,,,,
osrin@msn.com,2114635,,,,
privcan@outlook.com,2048036,,,,
chlim@icloud.com,2125241,,,,
stecoop@yahoo.com,1383172,,,,
penna@sbcglobal.net,1271371,,,,
crusader@yahoo.ca,1821967,,,,
frostman@live.com,1835207,,,,
sherzodr@outlook.com,2136415,,,,
frostman@live.com,2395061,,,,
penna@sbcglobal.net,1821077,,,,
shawnce@yahoo.com,1429083,,,,
tbeck@yahoo.ca,1760049,,,,
chlim@icloud.com,1829814,,,,
privcan@outlook.com,2077613,,,,
iamcal@live.com,1628084,,,,
rtanter@comcast.net,1628084,,,,
frostman@live.com,2132970,,,,
parasite@hotmail.com,777768,,,,
hllam@yahoo.ca,712200,,,,
vmalik@me.com,398294,,,,
floxy@aol.com,1946944,,,,
jnolan@outlook.com,1386380,,,,
nasor@yahoo.com,1504828,,,,
privcan@outlook.com,2281973,,,,
mahbub@yahoo.com,1453643,,,,
isotopian@yahoo.com,2000567,,,,
jnolan@outlook.com,1746617,,,,
jpflip@yahoo.ca,1799626,,,,
msherr@hotmail.com,2175232,,,,
portele@verizon.net,587472,,,,
hllam@yahoo.ca,1648495,,,,
telbij@msn.com,1453224,,,,
jhardin@verizon.net,1453224,,,,
shawnce@yahoo.com,1914092,,,,
fangorn@att.net,1980978,,,,
isaacson@msn.com,1765307,,,,
jnolan@outlook.com,2354613,,,,
rkobes@me.com,1894320,,,,
isaacson@msn.com,1892422,,,,
mahbub@yahoo.com,736490,,,,
rkobes@me.com,1520044,,,,
osrin@msn.com,2314119,,,,
raides@me.com,2058442,,,,
portele@verizon.net,2222339,,,,
dprice@msn.com,1711280,,,,
frostman@live.com,1938110,,,,
isotopian@yahoo.com,1135339,,,,
privcan@outlook.com,1929228,,,,
dinther@mac.com,1989243,,,,
rtanter@comcast.net,1601908,,,,
telbij@msn.com,2022037,,,,
nasor@yahoo.com,1858383,,,,
lstein@sbcglobal.net,1649684,,,,
munson@aol.com,2257278,,,,
dinther@mac.com,1041259,,,,
rtanter@comcast.net,1041259,,,,
jnolan@outlook.com,1313392,,,,
mahbub@yahoo.com,2387578,,,,
mrdvt@outlook.com,668128,,,,
shawnce@yahoo.com,2143477,,,,
bolow@aol.com,1299894,,,,
josem@aol.com,2164342,,,,
dprice@msn.com,2342926,,,,
shawnce@yahoo.com,2228880,,,,
floxy@aol.com,268456,,,,
inico@att.net,1532672,,,,
fangorn@att.net,2236170,,,,
vmalik@me.com,1598628,,,,
frostman@live.com,2034001,,,,
dalamb@att.net,953646,,,,
lbaxter@msn.com,2051300,,,,
jnolan@outlook.com,1643145,,,,
ewaters@att.net,2006689,,,,
shawnce@yahoo.com,2059549,,,,
nasor@yahoo.com,1256338,,,,
jnolan@outlook.com,1625355,,,,
osrin@msn.com,2218431,,,,
dprice@msn.com,1972874,,,,
ewaters@att.net,1902110,,,,
sbmrjbr@gmail.com,2301861,,,,
parasite@hotmail.com,2045546,,,,
shawnce@yahoo.com,2145204,,,,
lbaxter@msn.com,2107309,,,,
sbmrjbr@gmail.com,1537724,,,,
isaacson@msn.com,2125161,,,,
jhardin@verizon.net,1057180,,,,
josem@aol.com,1741635,,,,
vmalik@me.com,2343790,,,,
inico@att.net,1976485,,,,
lstein@sbcglobal.net,1656090,,,,
penna@sbcglobal.net,1783660,,,,
parasite@hotmail.com,2028800,,,,
msherr@hotmail.com,1575836,,,,
tbmaddux@comcast.net,1575836,,,,
kodeman@me.com,2116529,,,,
shawnce@yahoo.com,992525,,,,
lstein@sbcglobal.net,2186257,,,,
josem@aol.com,1018227,,,,
shawnce@yahoo.com,2143478,,,,
portele@verizon.net,1875845,,,,
mrdvt@outlook.com,2125905,,,,
mahbub@yahoo.com,1963955,,,,
mahbub@yahoo.com,1642016,,,,
msherr@hotmail.com,2374999,,,,
vmalik@me.com,1892936,,,,
parasite@hotmail.com,1969461,,,,
osrin@msn.com,2163614,,,,
osrin@msn.com,1945677,,,,
sbmrjbr@gmail.com,1041217,,,,
tbmaddux@comcast.net,1517317,,,,
rtanter@comcast.net,1660186,,,,
isaacson@msn.com,1863435,,,,
isotopian@yahoo.com,1924338,,,,
tbeck@yahoo.ca,2053675,,,,
zwood@optonline.net,1510902,,,,
osrin@msn.com,2084398,,,,
iamcal@live.com,1657001,,,,
lstein@sbcglobal.net,1001937,,,,
jnolan@outlook.com,2160365,,,,
crusader@yahoo.ca,873285,,,,
dinther@mac.com,1357107,,,,
dinther@mac.com,1659064,,,,
shawnce@yahoo.com,1659064,,,,
zwood@optonline.net,733403,,,,
nasor@yahoo.com,733403,,,,
ewaters@att.net,1530272,,,,
frostman@live.com,1503428,,,,
zwood@optonline.net,1503428,,,,
rtanter@comcast.net,1613592,,,,
parasite@hotmail.com,2033041,,,,
lbaxter@msn.com,1303945,,,,
frostman@live.com,2000525,,,,
tbeck@yahoo.ca,2045493,,,,
shawnce@yahoo.com,2007142,,,,
iamcal@live.com,2234592,,,,
shawnce@yahoo.com,400689,,,,
kodeman@me.com,1567439,,,,
parasite@hotmail.com,1941764,,,,
ewaters@att.net,1963196,,,,
shawnce@yahoo.com,1963196,,,,
fangorn@att.net,2365563,,,,
tbmaddux@comcast.net,1719583,,,,
bolow@aol.com,2380327,,,,
msherr@hotmail.com,2126840,,,,
tbmaddux@comcast.net,2096395,,,,
dalamb@att.net,2367107,,,,
munson@aol.com,1900570,,,,
isotopian@yahoo.com,2414221,,,,
tbeck@yahoo.ca,436587,,,,
frostman@live.com,1942232,,,,
parasite@hotmail.com,1527536,,,,
raides@me.com,2076824,,,,
penna@sbcglobal.net,1840787,,,,
penna@sbcglobal.net,161050,,,,
isaacson@msn.com,1414902,,,,
nasor@yahoo.com,1990794,,,,
rtanter@comcast.net,1724116,,,,
lbaxter@msn.com,1852058,,,,
zwood@optonline.net,2289250,,,,
munson@aol.com,2403379,,,,
rkobes@me.com,1962775,,,,
portele@verizon.net,2139844,,,,
parasite@hotmail.com,2209866,,,,
mrdvt@outlook.com,1174840,,,,
crusader@yahoo.ca,1937007,,,,
isotopian@yahoo.com,2069559,,,,
rtanter@comcast.net,277799,,,,
floxy@aol.com,1813111,,,,
zwood@optonline.net,2382074,,,,
tbmaddux@comcast.net,1430320,,,,
jpflip@yahoo.ca,1969221,,,,
mahbub@yahoo.com,1918638,,,,
sherzodr@outlook.com,2060636,,,,
tbeck@yahoo.ca,2299795,,,,
frostman@live.com,934328,,,,
jnolan@outlook.com,1896336,,,,
kodeman@me.com,1453288,,,,
ewaters@att.net,2275146,,,,
penna@sbcglobal.net,2261099,,,,
inico@att.net,1722469,,,,
telbij@msn.com,1490796,,,,
jpflip@yahoo.ca,2269529,,,,
sherzodr@outlook.com,2089556,,,,
shawnce@yahoo.com,2340785,,,,
privcan@outlook.com,981665,,,,
jnolan@outlook.com,2045867,,,,
penna@sbcglobal.net,988151,,,,
mahbub@yahoo.com,1383480,,,,
inico@att.net,2057739,,,,
rtanter@comcast.net,1757696,,,,
shawnce@yahoo.com,2089404,,,,
sbmrjbr@gmail.com,1698804,,,,
kodeman@me.com,1698804,,,,
shawnce@yahoo.com,2370422,,,,
rkobes@me.com,1311609,,,,
raides@me.com,966690,,,,
telbij@msn.com,2203918,,,,
stecoop@yahoo.com,1874702,,,,
sbmrjbr@gmail.com,497547,,,,
isaacson@msn.com,2362162,,,,
isotopian@yahoo.com,2280039,,,,
tbeck@yahoo.ca,1996636,,,,
privcan@outlook.com,2074169,,,,
lstein@sbcglobal.net,1899248,,,,
frostman@live.com,2328899,,,,
mrdvt@outlook.com,2215753,,,,
bolow@aol.com,1952300,,,,
zwood@optonline.net,2354488,,,,
privcan@outlook.com,2188264,,,,
isaacson@msn.com,2012618,,,,
nasor@yahoo.com,799164,,,,
sbmrjbr@gmail.com,1391565,,,,
privcan@outlook.com,1750212,,,,
rtanter@comcast.net,1711711,,,,
osrin@msn.com,1711711,,,,
isotopian@yahoo.com,721356,,,,
dprice@msn.com,2345248,,,,
rtanter@comcast.net,1829513,,,,
parasite@hotmail.com,1829513,,,,
nasor@yahoo.com,1169824,,,,
dprice@msn.com,2293662,,,,
iamcal@live.com,2314132,,,,
josem@aol.com,1556165,,,,
privcan@outlook.com,1884311,,,,
isaacson@msn.com,1634188,,,,
mrdvt@outlook.com,2051688,,,,
jnolan@outlook.com,2051688,,,,
isotopian@yahoo.com,2319539,,,,
dprice@msn.com,1054279,,,,
parasite@hotmail.com,2386212,,,,
isotopian@yahoo.com,1695614,,,,
mahbub@yahoo.com,1781939,,,,
jnolan@outlook.com,1248438,,,,
msherr@hotmail.com,1160884,,,,
isaacson@msn.com,1302928,,,,
msherr@hotmail.com,2256289,,,,
kodeman@me.com,1554617,,,,
shawnce@yahoo.com,2131968,,,,
mahbub@yahoo.com,534097,,,,
fraterk@yahoo.ca,989311,,,,
shawnce@yahoo.com,2334365,,,,
dinther@mac.com,2121217,,,,
vmalik@me.com,1601119,,,,
jhardin@verizon.net,1651823,,,,
jnolan@outlook.com,2137418,,,,
fangorn@att.net,2268140,,,,
frostman@live.com,1703282,,,,
dalamb@att.net,2071352,,,,
jhardin@verizon.net,1963470,,,,
tbmaddux@comcast.net,1989802,,,,
frostman@live.com,1654382,,,,
nasor@yahoo.com,1838650,,,,
shawnce@yahoo.com,1798839,,,,
raides@me.com,2261440,,,,
kodeman@me.com,1639743,,,,
tbeck@yahoo.ca,1246282,,,,
parasite@hotmail.com,1929233,,,,
mahbub@yahoo.com,2192050,,,,
josem@aol.com,2198329,,,,
jnolan@outlook.com,2000417,,,,
isotopian@yahoo.com,2090341,,,,
tbeck@yahoo.ca,1755414,,,,
sherzodr@outlook.com,2351745,,,,
isaacson@msn.com,348793,,,,
portele@verizon.net,2283064,,,,
crusader@yahoo.ca,1429711,,,,
mrdvt@outlook.com,1674003,,,,
zwood@optonline.net,1473526,,,,
floxy@aol.com,2065782,,,,
crusader@yahoo.ca,1692682,,,,
shawnce@yahoo.com,2377465,,,,
vmalik@me.com,1942055,,,,
rkobes@me.com,1645113,,,,
josem@aol.com,2280598,,,,
hllam@yahoo.ca,1532482,,,,
kodeman@me.com,2269269,,,,
osrin@msn.com,1895980,,,,
msherr@hotmail.com,1895980,,,,
isaacson@msn.com,1952580,,,,
shawnce@yahoo.com,1976509,,,,
tbeck@yahoo.ca,1893130,,,,
hllam@yahoo.ca,1984137,,,,
bolow@aol.com,1984137,,,,
lstein@sbcglobal.net,2360713,,,,
mahbub@yahoo.com,1777999,,,,
tbmaddux@comcast.net,2204986,,,,
stecoop@yahoo.com,2167268,,,,
bolow@aol.com,270131,,,,
shawnce@yahoo.com,270131,,,,
sbmrjbr@gmail.com,2037639,,,,
raides@me.com,1689931,,,,
isaacson@msn.com,651166,,,,
jhardin@verizon.net,1963212,,,,
privcan@outlook.com,1979887,,,,
bolow@aol.com,1873712,,,,
mahbub@yahoo.com,2216357,,,,
osrin@msn.com,2216357,,,,
crusader@yahoo.ca,400022,,,,
portele@verizon.net,2105626,,,,
mrdvt@outlook.com,2246733,,,,
privcan@outlook.com,1569427,,,,
sbmrjbr@gmail.com,2182721,,,,
zwood@optonline.net,1757242,,,,
stecoop@yahoo.com,2063529,,,,
crusader@yahoo.ca,2200745,,,,
jnolan@outlook.com,1400405,,,,
parasite@hotmail.com,1153379,,,,
jnolan@outlook.com,2193706,,,,
ewaters@att.net,1450379,,,,
josem@aol.com,1738936,,,,
josem@aol.com,1596187,,,,
chlim@icloud.com,2355738,,,,
chlim@icloud.com,2358236,,,,
floxy@aol.com,1933980,,,,
zwood@optonline.net,1389898,,,,
dinther@mac.com,1698462,,,,
dprice@msn.com,2394086,,,,
msherr@hotmail.com,1789278,,,,
inico@att.net,1922543,,,,
chlim@icloud.com,2342679,,,,
nasor@yahoo.com,2365139,,,,
stecoop@yahoo.com,2363961,,,,
inico@att.net,1633025,,,,
parasite@hotmail.com,1991680,,,,
bolow@aol.com,1975100,,,,
jnolan@outlook.com,1866965,,,,
mahbub@yahoo.com,2322271,,,,
dprice@msn.com,1675179,,,,
isaacson@msn.com,1675179,,,,
zwood@optonline.net,2206290,,,,
vmalik@me.com,1658371,,,,
kodeman@me.com,2154202,,,,
zwood@optonline.net,1501469,,,,
iamcal@live.com,2293606,,,,
mahbub@yahoo.com,1015287,,,,
munson@aol.com,2206032,,,,
frostman@live.com,1458658,,,,
frostman@live.com,2394708,,,,
lbaxter@msn.com,2412210,,,,
parasite@hotmail.com,2238111,,,,
iamcal@live.com,2315260,,,,
chlim@icloud.com,1478929,,,,
hllam@yahoo.ca,2250915,,,,
crusader@yahoo.ca,2334067,,,,
kodeman@me.com,1712805,,,,
floxy@aol.com,2317728,,,,
vmalik@me.com,1093276,,,,
tbmaddux@comcast.net,2262558,,,,
fraterk@yahoo.ca,2289267,,,,
dinther@mac.com,1823736,,,,
mahbub@yahoo.com,1644720,,,,
rtanter@comcast.net,1386735,,,,
mahbub@yahoo.com,1703188,,,,
dalamb@att.net,2362695,,,,
inico@att.net,2001951,,,,
dprice@msn.com,1440277,,,,
lstein@sbcglobal.net,2294219,,,,
chlim@icloud.com,1354687,,,,
dalamb@att.net,2010974,,,,
sherzodr@outlook.com,1981070,,,,
jhardin@verizon.net,2295277,,,,
bolow@aol.com,1450737,,,,
shawnce@yahoo.com,2320499,,,,
fraterk@yahoo.ca,829437,,,,
sherzodr@outlook.com,1624731,,,,
frostman@live.com,2028632,,,,
jhardin@verizon.net,1955599,,,,
portele@verizon.net,2149200,,,,
rkobes@me.com,2120376,,,,
lbaxter@msn.com,2164574,,,,
bolow@aol.com,2284803,,,,
msherr@hotmail.com,1908868,,,,
isotopian@yahoo.com,2295429,,,,
frostman@live.com,2007953,,,,
tbeck@yahoo.ca,468595,,,,
frostman@live.com,849894,,,,
vmalik@me.com,2077155,,,,
raides@me.com,1914172,,,,
frostman@live.com,1983740,,,,
tbmaddux@comcast.net,1090720,,,,
mahbub@yahoo.com,2262136,,,,
dinther@mac.com,2275066,,,,
ewaters@att.net,1955975,,,,
rtanter@comcast.net,1497111,,,,
isotopian@yahoo.com,2177128,,,,
bolow@aol.com,2202929,,,,
fangorn@att.net,2162034,,,,
rkobes@me.com,1984292,,,,
dprice@msn.com,2161273,,,,
privcan@outlook.com,1287835,,,,
osrin@msn.com,2270762,,,,
crusader@yahoo.ca,1923578,,,,
rtanter@comcast.net,2149142,,,,
penna@sbcglobal.net,2202927,,,,
frostman@live.com,2160401,,,,
josem@aol.com,2334858,,,,
mrdvt@outlook.com,1407694,,,,
dalamb@att.net,1693390,,,,
jpflip@yahoo.ca,1788841,,,,
portele@verizon.net,1906161,,,,
ewaters@att.net,2249355,,,,
iamcal@live.com,2077949,,,,
rkobes@me.com,524927,,,,
rtanter@comcast.net,2194620,,,,
telbij@msn.com,2228499,,,,
jnolan@outlook.com,1556828,,,,
fangorn@att.net,2297594,,,,
dinther@mac.com,1823031,,,,
vmalik@me.com,972726,,,,
msherr@hotmail.com,2186916,,,,
privcan@outlook.com,1927644,,,,
jhardin@verizon.net,2246061,,,,
floxy@aol.com,1935193,,,,
telbij@msn.com,554837,,,,
msherr@hotmail.com,2136361,,,,
isotopian@yahoo.com,1989905,,,,
parasite@hotmail.com,2349966,,,,
dalamb@att.net,2072119,,,,
dinther@mac.com,1768290,,,,
jhardin@verizon.net,1907043,,,,
stecoop@yahoo.com,2006552,,,,
shawnce@yahoo.com,2318943,,,,
sbmrjbr@gmail.com,2380616,,,,
parasite@hotmail.com,1923943,,,,
lstein@sbcglobal.net,2072843,,,,
josem@aol.com,2263703,,,,
mahbub@yahoo.com,1881729,,,,
hllam@yahoo.ca,2065452,,,,
shawnce@yahoo.com,2070375,,,,
tbmaddux@comcast.net,1786012,,,,
isotopian@yahoo.com,2149715,,,,
sbmrjbr@gmail.com,1823371,,,,
frostman@live.com,1879651,,,,
hllam@yahoo.ca,1769511,,,,
nasor@yahoo.com,2014616,,,,
jhardin@verizon.net,2057455,,,,
crusader@yahoo.ca,2105627,,,,
jnolan@outlook.com,2235297,,,,
jnolan@outlook.com,2111799,,,,
zwood@optonline.net,2200049,,,,
ewaters@att.net,1791494,,,,
osrin@msn.com,1720326,,,,
vmalik@me.com,2389055,,,,
ewaters@att.net,2108565,,,,
jnolan@outlook.com,1002455,,,,
rtanter@comcast.net,2095372,,,,
msherr@hotmail.com,1097599,,,,
isaacson@msn.com,1900119,,,,
msherr@hotmail.com,1950565,,,,
zwood@optonline.net,2038400,,,,
chlim@icloud.com,2156021,,,,
mahbub@yahoo.com,1790360,,,,
vmalik@me.com,1663488,,,,
telbij@msn.com,1983125,,,,
nasor@yahoo.com,1911923,,,,
bolow@aol.com,1834099,,,,
ewaters@att.net,2296771,,,,
jpflip@yahoo.ca,2024877,,,,
iamcal@live.com,766492,,,,
shawnce@yahoo.com,766492,,,,
osrin@msn.com,301726,,,,
floxy@aol.com,301726,,,,
rtanter@comcast.net,1896650,,,,
isaacson@msn.com,1674179,,,,
kodeman@me.com,1563136,,,,
zwood@optonline.net,2072112,,,,
rtanter@comcast.net,952533,,,,
sbmrjbr@gmail.com,1715500,,,,
parasite@hotmail.com,1208225,,,,
shawnce@yahoo.com,2305016,,,,
bolow@aol.com,2343692,,,,
telbij@msn.com,2167004,,,,
crusader@yahoo.ca,2391471,,,,
telbij@msn.com,1680799,,,,
penna@sbcglobal.net,1680799,,,,
nasor@yahoo.com,2343413,,,,
kodeman@me.com,1692199,,,,
isotopian@yahoo.com,2070249,,,,
mrdvt@outlook.com,1227535,,,,
tbmaddux@comcast.net,1866877,,,,
tbmaddux@comcast.net,1567784,,,,
crusader@yahoo.ca,1567784,,,,
parasite@hotmail.com,2132810,,,,
dinther@mac.com,668966,,,,
parasite@hotmail.com,2388914,,,,
lstein@sbcglobal.net,2131953,,,,
fraterk@yahoo.ca,2105628,,,,
jhardin@verizon.net,2368018,,,,
nasor@yahoo.com,1227671,,,,
isaacson@msn.com,1903864,,,,
parasite@hotmail.com,2159852,,,,
lstein@sbcglobal.net,2393715,,,,
lbaxter@msn.com,2045718,,,,
sherzodr@outlook.com,1419846,,,,
ewaters@att.net,2191297,,,,
fraterk@yahoo.ca,1102170,,,,
jhardin@verizon.net,2101152,,,,
sbmrjbr@gmail.com,2146101,,,,
jpflip@yahoo.ca,2089346,,,,
shawnce@yahoo.com,2048627,,,,
isotopian@yahoo.com,1156471,,,,
jnolan@outlook.com,2037856,,,,
tbeck@yahoo.ca,2352725,,,,
rtanter@comcast.net,1541892,,,,
hllam@yahoo.ca,1759037,,,,
frostman@live.com,2227567,,,,
shawnce@yahoo.com,1791622,,,,
shawnce@yahoo.com,2355975,,,,
frostman@live.com,847280,,,,
fraterk@yahoo.ca,927869,,,,
ewaters@att.net,1952729,,,,
parasite@hotmail.com,897022,,,,
lstein@sbcglobal.net,537722,,,,
sherzodr@outlook.com,537722,,,,
chlim@icloud.com,537722,,,,
nasor@yahoo.com,2139384,,,,
vmalik@me.com,1563652,,,,
fangorn@att.net,1669104,,,,
sherzodr@outlook.com,1669104,,,,
iamcal@live.com,2063376,,,,
dinther@mac.com,1740277,,,,
crusader@yahoo.ca,1909106,,,,
shawnce@yahoo.com,1864503,,,,
jhardin@verizon.net,1029785,,,,
zwood@optonline.net,1029785,,,,
tbeck@yahoo.ca,1276395,,,,
shawnce@yahoo.com,2107569,,,,
nasor@yahoo.com,1719752,,,,
floxy@aol.com,2409730,,,,
mahbub@yahoo.com,565521,,,,
lbaxter@msn.com,1449696,,,,
mrdvt@outlook.com,2391053,,,,
jpflip@yahoo.ca,2145189,,,,
rkobes@me.com,2321929,,,,
mrdvt@outlook.com,2332464,,,,
rkobes@me.com,2364500,,,,
jnolan@outlook.com,1150044,,,,
iamcal@live.com,2384892,,,,
nasor@yahoo.com,2144210,,,,
zwood@optonline.net,2009101,,,,
sherzodr@outlook.com,1919607,,,,
sherzodr@outlook.com,2370538,,,,
raides@me.com,2358166,,,,
jnolan@outlook.com,2313424,,,,
hllam@yahoo.ca,2152289,,,,
isaacson@msn.com,1950156,,,,
parasite@hotmail.com,2182277,,,,
tbmaddux@comcast.net,1676513,,,,
parasite@hotmail.com,758700,,,,
dinther@mac.com,1831525,,,,
shawnce@yahoo.com,1905786,,,,
telbij@msn.com,2339328,,,,
telbij@msn.com,2392244,,,,
munson@aol.com,2309410,,,,
mahbub@yahoo.com,2154872,,,,
kodeman@me.com,2383910,,,,
rkobes@me.com,1700935,,,,
fraterk@yahoo.ca,1871615,,,,
jhardin@verizon.net,2220485,,,,
josem@aol.com,2343277,,,,
jhardin@verizon.net,2408632,,,,
jpflip@yahoo.ca,2356238,,,,
inico@att.net,2109428,,,,
rtanter@comcast.net,1964819,,,,
bolow@aol.com,2323946,,,,
isaacson@msn.com,1908999,,,,
isotopian@yahoo.com,2258118,,,,
chlim@icloud.com,2397193,,,,
inico@att.net,2238354,,,,
crusader@yahoo.ca,2369565,,,,
chlim@icloud.com,2262524,,,,
josem@aol.com,2375791,,,,
mrdvt@outlook.com,1957934,,,,
fangorn@att.net,1667953,,,,
lstein@sbcglobal.net,2151483,,,,
sherzodr@outlook.com,2406971,,,,
mrdvt@outlook.com,2395218,,,,
nasor@yahoo.com,1918821,,,,
kodeman@me.com,2365150,,,,
jhardin@verizon.net,1924358,,,,
inico@att.net,1813206,,,,
munson@aol.com,2358226,,,,
jnolan@outlook.com,2299200,,,,
fraterk@yahoo.ca,2355179,,,,
vmalik@me.com,2373236,,,,
frostman@live.com,1759114,,,,
bolow@aol.com,2084275,,,,
shawnce@yahoo.com,2364288,,,,
isaacson@msn.com,2255955,,,,
chlim@icloud.com,2067547,,,,
sbmrjbr@gmail.com,2001745,,,,
rtanter@comcast.net,2310993,,,,
ewaters@att.net,2364706,,,,
penna@sbcglobal.net,2365028,,,,
josem@aol.com,2389527,,,,
floxy@aol.com,2154874,,,,
jnolan@outlook.com,2101896,,,,
telbij@msn.com,2377451,,,,
jnolan@outlook.com,1776300,,,,
vmalik@me.com,2096972,,,,
floxy@aol.com,2399187,,,,
jnolan@outlook.com,1424387,,,,
bolow@aol.com,2059059,,,,
zwood@optonline.net,2070090,,,,
munson@aol.com,2060471,,,,
isaacson@msn.com,1908572,,,,
raides@me.com,2166984,,,,
rtanter@comcast.net,2310992,,,,
frostman@live.com,2026929,,,,
rkobes@me.com,2394209,,,,
jpflip@yahoo.ca,2335690,,,,
dprice@msn.com,2375308,,,,
parasite@hotmail.com,2385318,,,,
mrdvt@outlook.com,2403388,,,,
bolow@aol.com,2354447,,,,
shawnce@yahoo.com,2306452,,,,
privcan@outlook.com,2382403,,,,
shawnce@yahoo.com,1944022,,,,
isaacson@msn.com,1830042,,,,
tbeck@yahoo.ca,1400981,,,,
zwood@optonline.net,2032917,,,,
parasite@hotmail.com,2332995,,,,
lbaxter@msn.com,2170771,,,,
shawnce@yahoo.com,2302346,,,,
lbaxter@msn.com,2376833,,,,
tbmaddux@comcast.net,1309900,,,,
fraterk@yahoo.ca,2326536,,,,
jpflip@yahoo.ca,2084359,,,,
zwood@optonline.net,2347743,,,,
lstein@sbcglobal.net,2368013,,,,
zwood@optonline.net,1177566,,,,
dinther@mac.com,2327255,,,,
rkobes@me.com,2350138,,,,
parasite@hotmail.com,2304090,,,,
fangorn@att.net,2304977,,,,
chlim@icloud.com,1819382,,,,
sherzodr@outlook.com,1736848,,,,
osrin@msn.com,1773975,,,,
tbmaddux@comcast.net,2187289,,,,
penna@sbcglobal.net,2089390,,,,
bolow@aol.com,2340087,,,,
stecoop@yahoo.com,2384041,,,,
shawnce@yahoo.com,2339329,,,,
stecoop@yahoo.com,2218454,,,,
floxy@aol.com,2390849,,,,
shawnce@yahoo.com,2096730,,,,
penna@sbcglobal.net,1925440,,,,
portele@verizon.net,2113960,,,,
shawnce@yahoo.com,2115296,,,,
josem@aol.com,1935308,,,,
rkobes@me.com,2379853,,,,
raides@me.com,2166424,,,,
ewaters@att.net,1822540,,,,
tbeck@yahoo.ca,2402334,,,,
inico@att.net,2073385,,,,
tbmaddux@comcast.net,2105664,,,,
portele@verizon.net,2396374,,,,
mahbub@yahoo.com,2007971,,,,
ewaters@att.net,2192908,,,,
tbeck@yahoo.ca,2397173,,,,
shawnce@yahoo.com,2335373,,,,
shawnce@yahoo.com,2351458,,,,
iamcal@live.com,2398807,,,,
privcan@outlook.com,2368865,,,,
shawnce@yahoo.com,2336105,,,,
sbmrjbr@gmail.com,2079857,,,,
shawnce@yahoo.com,1905844,,,,
chlim@icloud.com,1942023,,,,
dalamb@att.net,2415980,,,,
mrdvt@outlook.com,2251707,,,,
shawnce@yahoo.com,1869022,,,,
penna@sbcglobal.net,2389830,,,,
mahbub@yahoo.com,2160527,,,,
parasite@hotmail.com,2392904,,,,
inico@att.net,2173232,,,,
sbmrjbr@gmail.com,2162089,,,,
inico@att.net,2108355,,,,
vmalik@me.com,1592162,,,,
osrin@msn.com,2372522,,,,
raides@me.com,1652188,,,,
fraterk@yahoo.ca,2367052,,,,
shawnce@yahoo.com,2171704,,,,
shawnce@yahoo.com,2285091,,,,
msherr@hotmail.com,2368007,,,,
lbaxter@msn.com,2397562,,,,
frostman@live.com,1828100,,,,
mrdvt@outlook.com,2356410,,,,
inico@att.net,1474999,,,,
sbmrjbr@gmail.com,2001694,,,,
mrdvt@outlook.com,2234496,,,,
crusader@yahoo.ca,2409597,,,,
telbij@msn.com,1413829,,,,
frostman@live.com,2394763,,,,
rkobes@me.com,1884860,,,,
iamcal@live.com,1982904,,,,
sbmrjbr@gmail.com,2349099,,,,
chlim@icloud.com,2416323,,,,
jnolan@outlook.com,2353218,,,,
dinther@mac.com,2369791,,,,
jnolan@outlook.com,1893207,,,,
tbmaddux@comcast.net,2360309,,,,
telbij@msn.com,2056534,,,,
zwood@optonline.net,2056534,,,,
zwood@optonline.net,2175748,,,,
portele@verizon.net,1564242,,,,
frostman@live.com,2172509,,,,
rtanter@comcast.net,2136600,,,,
dinther@mac.com,2282799,,,,
sherzodr@outlook.com,1249612,,,,
tbeck@yahoo.ca,1821588,,,,
tbeck@yahoo.ca,2205013,,,,
sbmrjbr@gmail.com,2057520,,,,
telbij@msn.com,2356353,,,,
tbeck@yahoo.ca,1271943,,,,
dprice@msn.com,2072548,,,,
josem@aol.com,1813161,,,,
osrin@msn.com,2406094,,,,
lbaxter@msn.com,2134456,,,,
msherr@hotmail.com,2078347,,,,
osrin@msn.com,2094218,,,,
munson@aol.com,2356143,,,,
ewaters@att.net,2363545,,,,
stecoop@yahoo.com,2155951,,,,
fangorn@att.net,2349605,,,,
isaacson@msn.com,2227934,,,,
lstein@sbcglobal.net,2284799,,,,
chlim@icloud.com,2323249,,,,
rtanter@comcast.net,2228089,,,,
shawnce@yahoo.com,2363701,,,,
parasite@hotmail.com,2201471,,,,
dalamb@att.net,2384035,,,,
osrin@msn.com,2411787,,,,
telbij@msn.com,1554719,,,,
msherr@hotmail.com,2408597,,,,
chlim@icloud.com,2183890,,,,
munson@aol.com,2113894,,,,
floxy@aol.com,2210269,,,,
josem@aol.com,2382038,,,,
mrdvt@outlook.com,2178809,,,,
portele@verizon.net,2415498,,,,
shawnce@yahoo.com,2121067,,,,
iamcal@live.com,2181714,,,,
jhardin@verizon.net,2026673,,,,
osrin@msn.com,2300487,,,,
osrin@msn.com,2071328,,,,
privcan@outlook.com,2276577,,,,
iamcal@live.com,2123008,,,,
floxy@aol.com,2370494,,,,
bolow@aol.com,2378106,,,,
raides@me.com,2287190,,,,
nasor@yahoo.com,2276588,,,,
frostman@live.com,2381467,,,,
jpflip@yahoo.ca,2320490,,,,
mrdvt@outlook.com,2350220,,,,
chlim@icloud.com,2205275,,,,
privcan@outlook.com,2336242,,,,
sherzodr@outlook.com,1529821,,,,
nasor@yahoo.com,2291099,,,,
portele@verizon.net,1898612,,,,
parasite@hotmail.com,2246533,,,,
inico@att.net,2401779,,,,
parasite@hotmail.com,2386700,,,,
osrin@msn.com,2209922,,,,
floxy@aol.com,2293511,,,,
dalamb@att.net,2202473,,,,
tbeck@yahoo.ca,2136367,,,,
rkobes@me.com,2317350,,,,
inico@att.net,2173621,,,,
frostman@live.com,2079860,,,,
crusader@yahoo.ca,2371816,,,,
sherzodr@outlook.com,2012612,,,,
ewaters@att.net,1631509,,,,
privcan@outlook.com,2404176,,,,
josem@aol.com,2399262,,,,
sbmrjbr@gmail.com,2333164,,,,
shawnce@yahoo.com,2073027,,,,
rkobes@me.com,2077663,,,,
bolow@aol.com,2246790,,,,
penna@sbcglobal.net,1730828,,,,
ewaters@att.net,2337339,,,,
telbij@msn.com,1823636,,,,
portele@verizon.net,2328822,,,,
raides@me.com,2101581,,,,
lbaxter@msn.com,2364768,,,,
msherr@hotmail.com,2408641,,,,
sbmrjbr@gmail.com,1759405,,,,
munson@aol.com,2237819,,,,
dinther@mac.com,2270684,,,,
tbmaddux@comcast.net,2411357,,,,
tbeck@yahoo.ca,2331312,,,,
jhardin@verizon.net,2241032,,,,
rkobes@me.com,2263684,,,,
lstein@sbcglobal.net,2122021,,,,
telbij@msn.com,2047014,,,,
telbij@msn.com,2378018,,,,
parasite@hotmail.com,2210055,,,,
fangorn@att.net,1766809,,,,
rtanter@comcast.net,1858389,,,,
vmalik@me.com,2358558,,,,
kodeman@me.com,2165587,,,,
parasite@hotmail.com,2302472,,,,
jnolan@outlook.com,2355375,,,,
rtanter@comcast.net,2381500,,,,
shawnce@yahoo.com,2228498,,,,
raides@me.com,2385805,,,,
mahbub@yahoo.com,2245150,,,,
portele@verizon.net,2415522,,,,
msherr@hotmail.com,2320723,,,,
rtanter@comcast.net,2262076,,,,
osrin@msn.com,1591807,,,,
mrdvt@outlook.com,2366367,,,,
josem@aol.com,2397170,,,,
osrin@msn.com,1892363,,,,
fraterk@yahoo.ca,2211458,,,,
zwood@optonline.net,2392513,,,,
lbaxter@msn.com,2271740,,,,
chlim@icloud.com,2346739,,,,
privcan@outlook.com,2195523,,,,
hllam@yahoo.ca,2139558,,,,
frostman@live.com,2367067,,,,
crusader@yahoo.ca,2015382,,,,
tbeck@yahoo.ca,2374939,,,,
lbaxter@msn.com,2391476,,,,
lbaxter@msn.com,2403257,,,,
tbmaddux@comcast.net,1864993,,,,
osrin@msn.com,2370077,,,,
jhardin@verizon.net,2387544,,,,
sherzodr@outlook.com,2351287,,,,
crusader@yahoo.ca,2409394,,,,
dinther@mac.com,2387720,,,,
floxy@aol.com,2386656,,,,
msherr@hotmail.com,1535063,,,,
penna@sbcglobal.net,2193991,,,,
mahbub@yahoo.com,2353243,,,,
mahbub@yahoo.com,2357860,,,,
hllam@yahoo.ca,2395216,,,,
stecoop@yahoo.com,2349712,,,,
shawnce@yahoo.com,2380464,,,,
isotopian@yahoo.com,2164020,,,,
portele@verizon.net,2358101,,,,
isaacson@msn.com,1793729,,,,
mahbub@yahoo.com,2357807,,,,
lbaxter@msn.com,2232346,,,,
isaacson@msn.com,2137600,,,,
isotopian@yahoo.com,2204041,,,,
josem@aol.com,2401200,,,,
rtanter@comcast.net,2156439,,,,
mrdvt@outlook.com,2073336,,,,
floxy@aol.com,2289276,,,,
telbij@msn.com,2282877,,,,
iamcal@live.com,2411758,,,,
vmalik@me.com,2393782,,,,
shawnce@yahoo.com,2408640,,,,
shawnce@yahoo.com,2228815,,,,
jnolan@outlook.com,2374078,,,,
privcan@outlook.com,2006061,,,,
portele@verizon.net,2239881,,,,
mrdvt@outlook.com,2302893,,,,
jhardin@verizon.net,1989189,,,,
dalamb@att.net,2101379,,,,
dprice@msn.com,2357717,,,,
munson@aol.com,2310298,,,,
zwood@optonline.net,1758100,,,,
jhardin@verizon.net,2370551,,,,
jnolan@outlook.com,2337311,,,,
sherzodr@outlook.com,2271661,,,,
mrdvt@outlook.com,2019121,,,,
munson@aol.com,2013695,,,,
frostman@live.com,1750792,,,,
jpflip@yahoo.ca,2142341,,,,
hllam@yahoo.ca,2371279,,,,
msherr@hotmail.com,2371633,,,,
jhardin@verizon.net,2346746,,,,
fraterk@yahoo.ca,2256752,,,,
sbmrjbr@gmail.com,2389545,,,,
tbmaddux@comcast.net,1577293,,,,
jpflip@yahoo.ca,2387640,,,,
isaacson@msn.com,1841376,,,,
sbmrjbr@gmail.com,2014705,,,,
shawnce@yahoo.com,1829221,,,,
shawnce@yahoo.com,2361061,,,,
dalamb@att.net,2387476,,,,
privcan@outlook.com,2223339,,,,
privcan@outlook.com,2197887,,,,
penna@sbcglobal.net,2187331,,,,
dalamb@att.net,2284174,,,,
crusader@yahoo.ca,2113309,,,,
frostman@live.com,2133219,,,,
inico@att.net,1477699,,,,
lstein@sbcglobal.net,2408493,,,,
dalamb@att.net,2406115,,,,
msherr@hotmail.com,2406115,,,,
frostman@live.com,2406950,,,,
fangorn@att.net,2394109,,,,
josem@aol.com,2355430,,,,
josem@aol.com,2362232,,,,
parasite@hotmail.com,1612714,,,,
inico@att.net,2246817,,,,
munson@aol.com,2413716,,,,
shawnce@yahoo.com,2406602,,,,
jhardin@verizon.net,2267525,,,,
shawnce@yahoo.com,2399675,,,,
kodeman@me.com,1901713,,,,
jpflip@yahoo.ca,2039937,,,,
jnolan@outlook.com,2278009,,,,
sherzodr@outlook.com,1925770,,,,
inico@att.net,2319386,,,,
shawnce@yahoo.com,2362681,,,,
kodeman@me.com,2235172,,,,
hllam@yahoo.ca,2392457,,,,
dprice@msn.com,2294993,,,,
nasor@yahoo.com,2289411,,,,
penna@sbcglobal.net,2188221,,,,
vmalik@me.com,2293424,,,,
telbij@msn.com,2408586,,,,
osrin@msn.com,1450050,,,,
lbaxter@msn.com,1836593,,,,
jhardin@verizon.net,2170648,,,,
kodeman@me.com,2404580,,,,
jhardin@verizon.net,1796231,,,,
chlim@icloud.com,2387890,,,,
mrdvt@outlook.com,2373246,,,,
frostman@live.com,2394106,,,,
chlim@icloud.com,2408644,,,,
zwood@optonline.net,2020980,,,,
zwood@optonline.net,1410433,,,,
msherr@hotmail.com,1410433,,,,
crusader@yahoo.ca,2363735,,,,
sbmrjbr@gmail.com,2382253,,,,
inico@att.net,2363979,,,,
isaacson@msn.com,2361081,,,,
stecoop@yahoo.com,2295633,,,,
josem@aol.com,2317748,,,,
nasor@yahoo.com,2264625,,,,
msherr@hotmail.com,2390226,,,,
fangorn@att.net,2135303,,,,
jnolan@outlook.com,2361184,,,,
shawnce@yahoo.com,1781345,,,,
dalamb@att.net,2337272,,,,
ewaters@att.net,2362621,,,,
tbmaddux@comcast.net,2401265,,,,
vmalik@me.com,2157802,,,,
lstein@sbcglobal.net,2368016,,,,
osrin@msn.com,2198345,,,,
mrdvt@outlook.com,1789387,,,,
parasite@hotmail.com,2406573,,,,
crusader@yahoo.ca,1100711,,,,
zwood@optonline.net,2286735,,,,
kodeman@me.com,2064573,,,,
sbmrjbr@gmail.com,2322294,,,,
chlim@icloud.com,2374152,,,,
fraterk@yahoo.ca,2292945,,,,
kodeman@me.com,2394175,,,,
parasite@hotmail.com,2358496,,,,
parasite@hotmail.com,2374711,,,,
mrdvt@outlook.com,2416290,,,,
parasite@hotmail.com,1789039,,,,
vmalik@me.com,1520335,,,,
crusader@yahoo.ca,2411691,,,,
iamcal@live.com,2114540,,,,
floxy@aol.com,2102963,,,,