first_name,last_name,password,email,dob,since,birth_country,phone
Jayson,Helga,AdD4vs,hllam@yahoo.ca,1962-02-19,2013-11-02,France,61494883
Dalene,Adrien,yUqYG7,conteb@att.net,1964-12-24,2013-12-26,United States,63678820
Sheryll,Rolland,kkt83t,isotopian@yahoo.com,1967-03-28,2014-09-01,Spain,63605326
Scot,Marybelle,h48hMW,mahbub@yahoo.com,1967-08-27,2014-10-16,China,60637763
Merideth,Magaret,U3DeDY,graham@sbcglobal.net,1967-12-07,2014-12-10,Italy,82083426
Maybell,Jolynn,RK2vAX,storerm@comcast.net,1968-02-01,2015-01-20,United Kingdom,69049962
Jospeh,Jettie,TH4jZ7,parasite@hotmail.com,1968-09-11,2015-03-25,Germany,96440357
Johnette,Loraine,nWmSVv,floxy@aol.com,1968-10-16,2015-09-02,Mexico,60805650
Efrain,Kelsi,GWL9sw,chlim@icloud.com,1969-11-18,2016-03-17,United Kingdom,60373294
Felicidad,Katherine,DT5NfJ,jnolan@outlook.com,1970-04-27,2016-05-28,United States,82884382
Leda,Darryl,j96a7M,portele@verizon.net,1971-01-23,2016-08-15,Spain,69756156
Preston,Josue,4PDKmp,penna@sbcglobal.net,1975-12-04,2016-12-05,United Kingdom,98280778
Damon,Mari,5EtSfU,stecoop@yahoo.com,1976-01-29,2017-03-09,United Kingdom,93210796
Ruthe,Felipa,2mFhTU,inico@att.net,1976-11-02,2017-04-23,France,78785688
Adelaide,Wayne,7ZPztj,lbaxter@msn.com,1978-03-03,2017-05-20,United States,66038773
Stormy,Angeles,KePrYU,jpflip@yahoo.ca,1978-08-09,2017-08-24,Spain,77098144
Thomasina,Leonarda,WcBuXK,privcan@outlook.com,1979-06-11,2017-08-27,China,65135884
Pearlene,Enid,G39AYz,dalamb@att.net,1979-12-08,2017-09-08,Italy,62692205
Staci,Berna,TYLBQT,sbmrjbr@gmail.com,1982-01-27,2017-09-09,United Kingdom,61937966
Abraham,Avelina,Rn2rH2,tbmaddux@comcast.net,1982-12-15,2017-10-06,Germany,79844126
Shanna,Raymond,hwbKJx,tbeck@yahoo.ca,1987-05-15,2017-11-09,Mexico,63161276
Shauna,Inge,8LN9n7,kodeman@me.com,1992-09-10,2018-02-24,United States,79608491
Reginia,Santo,r9J6qn,dprice@msn.com,1993-08-29,2018-02-27,Spain,64426149
Rickey,Margorie,45390,library@yahoo.ca,1994-04-13,2018-04-19,China,67094871
Cleta,Cammy,cQXyMS,vmalik@me.com,1994-07-15,2018-08-16,Italy,63978383
Madeleine,Arlyne,CFhXQj,dinther@mac.com,1962-02-18,2014-02-11,United Kingdom,67745329
Sondra,Kristeen,p6AAjJ,msherr@hotmail.com,1963-02-24,2014-02-22,Germany,69604325
Melinda,Nova,Am7ZrG,isaacson@msn.com,1963-08-09,2014-03-06,Mexico,64727978
Latosha,Ahmad,YM7PBC,munson@aol.com,1964-06-17,2014-11-16,United States,81247780
Dahlia,Nick,rXwVxt,zwood@optonline.net,1965-10-28,2015-01-27,France,68835539
Sofia,Palmer,7V38xN,raides@me.com,1968-04-06,2015-02-13,United States,90337445
Lynelle,Florene,RESygA,mrdvt@outlook.com,1968-08-20,2015-03-23,Spain,91284295
Leonore,Arnold,SRtUFg,iamcal@live.com,1969-02-07,2015-04-30,China,64023666
Vania,Robert,pTUhTV,rtanter@comcast.net,1969-07-19,2015-07-15,Italy,96595387
Kaitlyn,Madonna,t5FMgF,osrin@msn.com,1970-04-04,2015-07-22,United Kingdom,92288332
Terese,Serina,jptDat,telbij@msn.com,1971-03-10,2015-08-02,Germany,63977109
Marceline,Ernie,UALRjg,sherzodr@outlook.com,1971-03-21,2015-08-04,Mexico,60907127
Deshawn,Nichol,EAEDjs,jhardin@verizon.net,1972-05-04,2016-01-27,United States,93645386
Lawana,Angelita,Q33FXq,shawnce@yahoo.com,1975-04-05,2016-04-10,France,85349349
Maybelle,Darline,upsbbj,cderoove@yahoo.ca,1978-11-11,2016-04-23,United States,68012808
Violette,Gearldine,dpquFe,rkobes@me.com,1979-02-04,2016-06-29,Spain,78133094
Aldo,Yasuko,KvuRum,lstein@sbcglobal.net,1979-07-27,2016-10-20,China,63570358
Nakisha,Louise,uKxvb3,ewaters@att.net,1979-08-28,2017-01-07,Italy,93667360
Todd,Rana,ZveVa6,nasor@yahoo.com,1979-09-04,2017-04-30,United Kingdom,69661067
Emerson,Catharine,XFMncN,josem@aol.com,1979-11-22,2017-06-10,Germany,68598178
Frank,Delcie,4Lff6V,crusader@yahoo.ca,1983-09-12,2017-08-31,Mexico,62395629
Melanie,Lena,4vuta4,frostman@live.com,1984-09-12,2017-09-02,United States,92783758
Malia,Eleanore,FLQjkj,bolow@aol.com,1984-12-17,2018-03-05,United Kingdom,95377830
Armida,Ruthann,h2vxAj,fraterk@yahoo.ca,1987-07-29,2018-03-29,United States,99494702
Chae,Melany,eQpsvS,fangorn@att.net,1991-12-23,2018-04-09,Spain,99765013